{
  "loss": [
    1.7583249807357788,
    1.7216359376907349,
    1.719860553741455,
    1.6798651218414307,
    1.6881871223449707,
    1.636142611503601,
    1.661908507347107,
    1.6252338886260986,
    1.6045687198638916,
    1.6097538471221924,
    1.5773742198944092,
    1.6095311641693115,
    1.5718293190002441,
    1.6147884130477905,
    1.5734267234802246,
    1.6673781871795654,
    1.5962553024291992,
    1.5234854221343994,
    1.5515996217727661,
    1.5278140306472778,
    1.5198606252670288,
    1.508882761001587,
    1.5140252113342285,
    1.5305423736572266,
    1.5704150199890137,
    1.4858931303024292,
    1.5085744857788086,
    1.492291808128357,
    1.4861207008361816,
    1.4916465282440186,
    1.480690360069275,
    1.5076725482940674,
    1.454099178314209,
    1.4734781980514526,
    1.4688197374343872
  ],
  "accuracy": [
    0.2894186856567846,
    0.32514126480377736,
    0.3023066800835978,
    0.34646644477126715,
    0.3316820187321,
    0.3704621100704389,
    0.33574580075857263,
    0.3736744330056506,
    0.3731712980880873,
    0.3750677297004412,
    0.3955027478907036,
    0.3684495704001858,
    0.39163247929406303,
    0.36276027556312407,
    0.38249864540599116,
    0.34008050158681014,
    0.3633408158526202,
    0.42007895347937146,
    0.40297236628222,
    0.4131511726913848,
    0.42514900534097066,
    0.41915008901617773,
    0.4297933276569394,
    0.40084371855406764,
    0.3858270763991021,
    0.43269602910441984,
    0.41543463116340273,
    0.4300642464587042,
    0.43463116340274016,
    0.4379208917098847,
    0.4318058673271925,
    0.42143354748819567,
    0.4553371003947674,
    0.4438036999767784,
    0.4403204582398018
  ],
  "val_loss": [
    1.7700897455215454,
    1.7300971746444702,
    1.7353944778442383,
    1.6910698413848877,
    1.7091789245605469,
    1.6564027070999146,
    1.6900267601013184,
    1.6484578847885132,
    1.6379762887954712,
    1.646594524383545,
    1.618335485458374,
    1.6479339599609375,
    1.6159694194793701,
    1.671965479850769,
    1.6220567226409912,
    1.7304376363754272,
    1.6596307754516602,
    1.5858395099639893,
    1.617455244064331,
    1.5915312767028809,
    1.5913233757019043,
    1.584949254989624,
    1.5944817066192627,
    1.6080548763275146,
    1.6412603855133057,
    1.5769060850143433,
    1.603134036064148,
    1.5863779783248901,
    1.5830165147781372,
    1.6004981994628906,
    1.5846443176269531,
    1.6201757192611694,
    1.563697099685669,
    1.5888664722442627,
    1.593313217163086
  ],
  "val_accuracy": [
    0.2884012539184953,
    0.31974921630094044,
    0.30268199233716475,
    0.3434343434343434,
    0.3239289446185998,
    0.3559735283873215,
    0.329153605015674,
    0.3625914315569488,
    0.35179380006966215,
    0.3542319749216301,
    0.36990595611285265,
    0.3493556252176942,
    0.3667711598746082,
    0.3336816440264716,
    0.36015325670498083,
    0.32427725531173807,
    0.3458725182863114,
    0.3887147335423197,
    0.37408568443051204,
    0.38662486938349006,
    0.3939393939393939,
    0.3897596656217346,
    0.39150121908742597,
    0.3723441309648206,
    0.36328805294322536,
    0.39080459770114945,
    0.3758272378962034,
    0.39080459770114945,
    0.38697318007662834,
    0.3838383838383838,
    0.39150121908742597,
    0.37547892720306514,
    0.40891675374433994,
    0.3981191222570533,
    0.3834900731452456
  ]
}